<entities >
  <entity name="appointment" displayname="Appointment" etc="4201" primaryidfield="activityid" primarynamefield="subject" disableplugins="false">
    <fields>
      <field displayname="(Deprecated) Process Stage" name="stageid" type="guid" />
      <field displayname="(Deprecated) Traversed Path" name="traversedpath" type="string" />
      <field displayname="Activity Type" name="activitytypecode" type="string" />
      <field displayname="Actual Duration" name="actualdurationminutes" type="number" />
      <field displayname="Actual End" name="actualend" type="datetime" />
      <field displayname="Actual Start" name="actualstart" type="datetime" />
      <field displayname="All Day Event" name="isalldayevent" type="bool" />
      <field displayname="Appointment" name="activityid" type="guid" primaryKey="true" />
      <field displayname="Appointment Type" name="instancetypecode" type="optionsetvalue" />
      <field displayname="Attachment Count" name="attachmentcount" type="number" />
      <field displayname="AttachmentErrors" name="attachmenterrors" type="optionsetvalue" />
      <field displayname="Category" name="category" type="string" />
      <field displayname="Created By" name="createdby" type="entityreference" lookupType="systemuser" />
      <field displayname="Created By (Delegate)" name="createdonbehalfby" type="entityreference" lookupType="systemuser" />
      <field displayname="Created On" name="createdon" type="datetime" />
      <field displayname="Currency" name="transactioncurrencyid" type="entityreference" lookupType="transactioncurrency" />
      <field displayname="Customer journey iteration" name="msdyncrm_associatedcustomerjourneyiteration" type="entityreference" lookupType="msdyncrm_customerjourneyiteration" customfield="true" />
      <field displayname="Description" name="description" type="string" />
      <field displayname="Duration" name="scheduleddurationminutes" type="number" />
      <field displayname="End Time" name="scheduledend" type="datetime" />
      <field displayname="Exchange Rate" name="exchangerate" type="decimal" />
      <field displayname="Import Sequence Number" name="importsequencenumber" type="number" />
      <field displayname="Is Billed" name="isbilled" type="bool" />
      <field displayname="Is Private" name="ismapiprivate" type="bool" />
      <field displayname="Is Regular Activity" name="isregularactivity" type="bool" />
      <field displayname="Is Workflow Created" name="isworkflowcreated" type="bool" />
      <field displayname="Last On Hold Time" name="lastonholdtime" type="datetime" />
      <field displayname="Last SLA applied" name="slainvokedid" type="entityreference" lookupType="sla" />
      <field displayname="Location" name="location" type="string" />
      <field displayname="Modified By" name="modifiedby" type="entityreference" lookupType="systemuser" />
      <field displayname="Modified By (Delegate)" name="modifiedonbehalfby" type="entityreference" lookupType="systemuser" />
      <field displayname="Modified Fields Mask" name="modifiedfieldsmask" type="string" />
      <field displayname="Modified On" name="modifiedon" type="datetime" />
      <field displayname="On Hold Time (Minutes)" name="onholdtime" type="number" />
      <field displayname="Optional Attendees" name="optionalattendees" type="partylist" />
      <field displayname="Organizer" name="organizer" type="partylist" />
      <field displayname="Original Start Date" name="originalstartdate" type="datetime" />
      <field displayname="Outlook Appointment" name="globalobjectid" type="string" />
      <field displayname="Outlook Appointment Owner" name="outlookownerapptid" type="number" />
      <field displayname="Owner" name="ownerid" type="owner" />
      <field displayname="Owning Business Unit" name="owningbusinessunit" type="entityreference" lookupType="businessunit" />
      <field displayname="Owning Team" name="owningteam" type="entityreference" lookupType="team" />
      <field displayname="Owning User" name="owninguser" type="entityreference" lookupType="systemuser" />
      <field displayname="Priority" name="prioritycode" type="optionsetvalue" />
      <field displayname="Process" name="processid" type="guid" />
      <field displayname="Record Created On" name="overriddencreatedon" type="datetime" />
      <field displayname="Regarding" name="regardingobjectid" type="entityreference" lookupType="account|adx_ad|adx_adplacement|adx_blog|adx_blogpost|adx_casedeflection|adx_communityforumaccesspermission|adx_communityforumalert|adx_contentaccesslevel|adx_invitation|adx_poll|adx_polloption|adx_pollplacement|adx_pollsubmission|adx_publishingstatetransitionrule|adx_redirect|adx_shortcut|adx_webpage|adx_website|bookableresourcebooking|bookableresourcebookingheader|bulkoperation|campaign|campaignactivity|contact|contract|entitlement|entitlementtemplate|incident|invoice|knowledgearticle|knowledgebaserecord|lead|msdyncrm_contentsettings|msdyncrm_customerjourney|msdyncrm_leadscoremodel|msdyncrm_linkedinaccount|msdyncrm_linkedinactivity|msdyncrm_linkedinfieldmapping|msdyncrm_linkedinform|msdyncrm_linkedinformanswer|msdyncrm_linkedinformquestion|msdyncrm_linkedinformsubmission|msdyncrm_linkedinleadmatchingstrategy|msdyncrm_linkedinuserprofile|msdyncrm_marketingdynamiccontentmetadata|msdyncrm_marketingemaildynamiccontentmetadata|msdyncrm_marketingemailtestsend|msdyncrm_migration|msdyncrm_uicconfig|msdyn_customerasset|msdyn_playbookinstance|msdyn_postalbum|msdyn_question|msdyn_responseaction|msdyn_responseerror|msdyn_survey|msdyn_surveyresponse|msevtmgt_checkin|msevtmgt_event|msevtmgt_eventpurchase|msevtmgt_eventpurchaseattendee|msevtmgt_eventpurchasepass|msevtmgt_eventregistration|msevtmgt_hotel|msevtmgt_hotelroomallocation|msevtmgt_hotelroomreservation|msevtmgt_layout|msevtmgt_room|msevtmgt_session|msevtmgt_sessionregistration|msevtmgt_sessiontrack|msevtmgt_speaker|msevtmgt_speakerengagement|msevtmgt_sponsorablearticle|msevtmgt_sponsorship|msevtmgt_venue|msevtmgt_webinarconfiguration|msevtmgt_webinarprovider|opportunity|quote|salesorder|site" />
      <field displayname="Required Attendees" name="requiredattendees" type="partylist" />
      <field displayname="Service" name="serviceid" type="entityreference" lookupType="service" />
      <field displayname="SLA" name="slaid" type="entityreference" lookupType="sla" />
      <field displayname="Sort Date" name="sortdate" type="datetime" />
      <field displayname="Start Time" name="scheduledstart" type="datetime" />
      <field displayname="Status" name="statecode" type="state" />
      <field displayname="Status Reason" name="statuscode" type="status" />
      <field displayname="Sub-Category" name="subcategory" type="string" />
      <field displayname="Subject" name="subject" type="string" />
      <field displayname="Time Zone Rule Version Number" name="timezoneruleversionnumber" type="number" />
      <field displayname="UTC Conversion Time Zone Code" name="utcconversiontimezonecode" type="number" />
    </fields>
    <relationships />
  </entity>
  <entity name="phonecall" displayname="Phone Call" etc="4210" primaryidfield="activityid" primarynamefield="subject" disableplugins="false">
    <fields>
      <field displayname="(Deprecated) Process Stage" name="stageid" type="guid" />
      <field displayname="(Deprecated) Traversed Path" name="traversedpath" type="string" />
      <field displayname="Activity Status" name="statecode" type="state" />
      <field displayname="Activity Type" name="activitytypecode" type="string" />
      <field displayname="Actual End" name="actualend" type="datetime" />
      <field displayname="Actual Start" name="actualstart" type="datetime" />
      <field displayname="Call From" name="from" type="partylist" />
      <field displayname="Call To" name="to" type="partylist" />
      <field displayname="Category" name="category" type="string" />
      <field displayname="Created By" name="createdby" type="entityreference" lookupType="systemuser" />
      <field displayname="Created By (Delegate)" name="createdonbehalfby" type="entityreference" lookupType="systemuser" />
      <field displayname="Created On" name="createdon" type="datetime" />
      <field displayname="Currency" name="transactioncurrencyid" type="entityreference" lookupType="transactioncurrency" />
      <field displayname="Customer journey iteration" name="msdyncrm_associatedcustomerjourneyiteration" type="entityreference" lookupType="msdyncrm_customerjourneyiteration" customfield="true" />
      <field displayname="Description" name="description" type="string" />
      <field displayname="Direction" name="directioncode" type="bool" />
      <field displayname="Due" name="scheduledend" type="datetime" />
      <field displayname="Duration" name="actualdurationminutes" type="number" />
      <field displayname="Exchange Rate" name="exchangerate" type="decimal" />
      <field displayname="Import Sequence Number" name="importsequencenumber" type="number" />
      <field displayname="Is Billed" name="isbilled" type="bool" />
      <field displayname="Is Regular Activity" name="isregularactivity" type="bool" />
      <field displayname="Is Workflow Created" name="isworkflowcreated" type="bool" />
      <field displayname="Last On Hold Time" name="lastonholdtime" type="datetime" />
      <field displayname="Last SLA applied" name="slainvokedid" type="entityreference" lookupType="sla" />
      <field displayname="Left Voice Mail" name="leftvoicemail" type="bool" />
      <field displayname="Modified By" name="modifiedby" type="entityreference" lookupType="systemuser" />
      <field displayname="Modified By (Delegate)" name="modifiedonbehalfby" type="entityreference" lookupType="systemuser" />
      <field displayname="Modified On" name="modifiedon" type="datetime" />
      <field displayname="On Hold Time (Minutes)" name="onholdtime" type="number" />
      <field displayname="Owner" name="ownerid" type="owner" />
      <field displayname="Owning Business Unit" name="owningbusinessunit" type="entityreference" lookupType="businessunit" />
      <field displayname="Owning Team" name="owningteam" type="entityreference" lookupType="team" />
      <field displayname="Owning User" name="owninguser" type="entityreference" lookupType="systemuser" />
      <field displayname="Phone Call" name="activityid" type="guid" primaryKey="true" />
      <field displayname="Phone Number" name="phonenumber" type="string" />
      <field displayname="Priority" name="prioritycode" type="optionsetvalue" />
      <field displayname="Process" name="processid" type="guid" />
      <field displayname="Record Created On" name="overriddencreatedon" type="datetime" />
      <field displayname="Regarding" name="regardingobjectid" type="entityreference" lookupType="account|adx_ad|adx_adplacement|adx_blog|adx_blogpost|adx_casedeflection|adx_communityforumaccesspermission|adx_communityforumalert|adx_contentaccesslevel|adx_invitation|adx_poll|adx_polloption|adx_pollplacement|adx_pollsubmission|adx_publishingstatetransitionrule|adx_redirect|adx_shortcut|adx_webpage|adx_website|bookableresourcebooking|bookableresourcebookingheader|bulkoperation|campaign|campaignactivity|contact|contract|entitlement|entitlementtemplate|incident|invoice|knowledgearticle|knowledgebaserecord|lead|msdyncrm_contentsettings|msdyncrm_customerjourney|msdyncrm_leadscoremodel|msdyncrm_linkedinaccount|msdyncrm_linkedinactivity|msdyncrm_linkedinfieldmapping|msdyncrm_linkedinform|msdyncrm_linkedinformanswer|msdyncrm_linkedinformquestion|msdyncrm_linkedinformsubmission|msdyncrm_linkedinleadmatchingstrategy|msdyncrm_linkedinuserprofile|msdyncrm_marketingdynamiccontentmetadata|msdyncrm_marketingemaildynamiccontentmetadata|msdyncrm_marketingemailtestsend|msdyncrm_migration|msdyncrm_uicconfig|msdyn_customerasset|msdyn_playbookinstance|msdyn_postalbum|msdyn_question|msdyn_responseaction|msdyn_responseerror|msdyn_survey|msdyn_surveyresponse|msevtmgt_checkin|msevtmgt_event|msevtmgt_eventpurchase|msevtmgt_eventpurchaseattendee|msevtmgt_eventpurchasepass|msevtmgt_eventregistration|msevtmgt_hotel|msevtmgt_hotelroomallocation|msevtmgt_hotelroomreservation|msevtmgt_layout|msevtmgt_room|msevtmgt_session|msevtmgt_sessionregistration|msevtmgt_sessiontrack|msevtmgt_speaker|msevtmgt_speakerengagement|msevtmgt_sponsorablearticle|msevtmgt_sponsorship|msevtmgt_venue|msevtmgt_webinarconfiguration|msevtmgt_webinarprovider|opportunity|quote|salesorder|site" />
      <field displayname="Scheduled Duration" name="scheduleddurationminutes" type="number" />
      <field displayname="Service" name="serviceid" type="entityreference" lookupType="service" />
      <field displayname="SLA" name="slaid" type="entityreference" lookupType="sla" />
      <field displayname="Sort Date" name="sortdate" type="datetime" />
      <field displayname="Start Date" name="scheduledstart" type="datetime" />
      <field displayname="Status Reason" name="statuscode" type="status" />
      <field displayname="Sub-Category" name="subcategory" type="string" />
      <field displayname="Subject" name="subject" type="string" />
      <field displayname="Time Zone Rule Version Number" name="timezoneruleversionnumber" type="number" />
      <field displayname="UTC Conversion Time Zone Code" name="utcconversiontimezonecode" type="number" />
    </fields>
    <relationships />
  </entity>
  <entity name="list" displayname="Marketing list" etc="4300" primaryidfield="listid" primarynamefield="listname" disableplugins="false">
    <fields>
      <field displayname="(Deprecated) Stage Id" name="stageid" type="guid" />
      <field displayname="(Deprecated) Traversed Path" name="traversedpath" type="string" />
      <field displayname="Cost" name="cost" type="money" />
      <field displayname="Cost (Base)" name="cost_base" type="money" />
      <field displayname="Created By" name="createdby" type="entityreference" lookupType="systemuser" />
      <field displayname="Created By (Delegate)" name="createdonbehalfby" type="entityreference" lookupType="systemuser" />
      <field displayname="Created On" name="createdon" type="datetime" />
      <field displayname="Currency" name="transactioncurrencyid" type="entityreference" lookupType="transactioncurrency" />
      <field displayname="Description" name="description" type="string" />
      <field displayname="entityimageid" name="entityimageid" type="guid" customfield="true" />
      <field displayname="Exchange Rate" name="exchangerate" type="decimal" />
      <field displayname="Exclude Members Who Opt Out" name="donotsendonoptout" type="bool" />
      <field displayname="Ignore Inactive List Members" name="ignoreinactivelistmembers" type="bool" />
      <field displayname="Import Sequence Number" name="importsequencenumber" type="number" />
      <field displayname="Last Used On" name="lastusedon" type="datetime" />
      <field displayname="List" name="listid" type="guid" primaryKey="true" />
      <field displayname="Locked" name="lockstatus" type="bool" />
      <field displayname="Marketing List Member Type" name="createdfromcode" type="optionsetvalue" />
      <field displayname="Member Type" name="membertype" type="number" />
      <field displayname="Members Count" name="membercount" type="number" />
      <field displayname="Modified By" name="modifiedby" type="entityreference" lookupType="systemuser" />
      <field displayname="Modified By (Delegate)" name="modifiedonbehalfby" type="entityreference" lookupType="systemuser" />
      <field displayname="Modified On" name="modifiedon" type="datetime" />
      <field displayname="Name" name="listname" type="string" />
      <field displayname="Owner" name="ownerid" type="owner" />
      <field displayname="Owning Business Unit" name="owningbusinessunit" type="entityreference" lookupType="businessunit" />
      <field displayname="Owning Team" name="owningteam" type="entityreference" lookupType="team" />
      <field displayname="Owning User" name="owninguser" type="entityreference" lookupType="systemuser" />
      <field displayname="Process Id" name="processid" type="guid" />
      <field displayname="processedMemberCount" name="processedmembercount" type="number" />
      <field displayname="processFetchXML" name="processfetchxml" type="string" />
      <field displayname="Purpose" name="purpose" type="string" />
      <field displayname="Query" name="query" type="string" />
      <field displayname="Record Created On" name="overriddencreatedon" type="datetime" />
      <field displayname="Source" name="source" type="string" />
      <field displayname="Status" name="statecode" type="state" />
      <field displayname="Status Reason" name="statuscode" type="status" />
      <field displayname="Subscription" name="msdyncrm_issubscription" type="bool" customfield="true" />
      <field displayname="Thumbnail" name="entityimage" type="imagedata" customfield="true" />
      <field displayname="Time Zone Rule Version Number" name="timezoneruleversionnumber" type="number" />
      <field displayname="Type" name="type" type="bool" />
      <field displayname="UTC Conversion Time Zone Code" name="utcconversiontimezonecode" type="number" />
    </fields>
    <relationships>
      <relationship name="listmember" manyToMany="true" relatedEntityName="listmember" m2mTargetEntity="contact" m2mTargetEntityPrimaryKey="entityid" />
    </relationships>
  </entity>
  <entity name="msdyncrm_customerjourney" displayname="Customer journey" etc="10259" primaryidfield="msdyncrm_customerjourneyid" primarynamefield="msdyncrm_name" disableplugins="false">
    <fields>
      <field displayname="Content settings" name="msdyncrm_contentsettingsid" type="entityreference" lookupType="msdyncrm_contentsettings" customfield="true" />
      <field displayname="Created by" name="createdby" type="entityreference" lookupType="systemuser" />
      <field displayname="Created by (delegate)" name="createdonbehalfby" type="entityreference" lookupType="systemuser" />
      <field displayname="Created on" name="createdon" type="datetime" />
      <field displayname="Customer journey" name="msdyncrm_customerjourneyid" type="guid" primaryKey="true" />
      <field displayname="Customer journey designer state" name="msdyncrm_customerjourneydesignerstate" type="string" customfield="true" />
      <field displayname="Customer journey template" name="msdyncrm_customerjourneytemplate" type="entityreference" lookupType="msdyncrm_customerjourneytemplate" customfield="true" />
      <field displayname="Description" name="msdyncrm_description" type="string" customfield="true" />
      <field displayname="End date and time" name="msdyncrm_enddatetime" type="datetime" customfield="true" />
      <field displayname="Error check results" name="msdyncrm_validationresults" type="string" customfield="true" />
      <field displayname="Form to save" name="msdyncrm_formtosave" type="bool" customfield="true" />
      <field displayname="Import sequence number" name="importsequencenumber" type="number" />
      <field displayname="Insights" name="msdyncrm_insights_placeholder" type="string" customfield="true" />
      <field displayname="Is recurring" name="msdyncrm_isrecurring" type="bool" customfield="true" />
      <field displayname="LinkedIn Campaign" name="msdyncr2_linkedincampaign" type="entityreference" lookupType="msdyncrm_linkedincampaign" customfield="true" />
      <field displayname="Lockdown date in milliseconds" name="msdyncrm_lockdowndateinmilliseconds" type="bigint" customfield="true" />
      <field displayname="Minimum consent" name="msgdpr_requiredconsent" type="optionsetvalue" customfield="true" />
      <field displayname="Modified by" name="modifiedby" type="entityreference" lookupType="systemuser" />
      <field displayname="Modified by (delegate)" name="modifiedonbehalfby" type="entityreference" lookupType="systemuser" />
      <field displayname="Modified on" name="modifiedon" type="datetime" />
      <field displayname="Name" name="msdyncrm_name" type="string" customfield="true" />
      <field displayname="Owner" name="ownerid" type="owner" />
      <field displayname="Owning business unit" name="owningbusinessunit" type="entityreference" lookupType="businessunit" />
      <field displayname="Owning team" name="owningteam" type="entityreference" lookupType="team" />
      <field displayname="Owning user" name="owninguser" type="entityreference" lookupType="systemuser" />
      <field displayname="Published by" name="msdyncrm_publishedby" type="entityreference" lookupType="systemuser" customfield="true" />
      <field displayname="Purpose" name="msdyncrm_purpose" type="string" customfield="true" />
      <field displayname="Record created on" name="overriddencreatedon" type="datetime" />
      <field displayname="Recurrence count" name="msdyncrm_recurrencecount" type="number" customfield="true" />
      <field displayname="Recurrence interval (days)" name="msdyncrm_recurrenceintervaldays" type="number" customfield="true" />
      <field displayname="Scope" name="msdyncrm_scope" type="optionsetvalue" customfield="true" />
      <field displayname="Start date and time" name="msdyncrm_startdatetime" type="datetime" customfield="true" />
      <field displayname="Status" name="statecode" type="state" />
      <field displayname="Status reason" name="statuscode" type="status" />
      <field displayname="Suppression segment" name="msdyncrm_suppressionsegmentid" type="entityreference" lookupType="msdyncrm_segment" customfield="true" />
      <field displayname="Target" name="msdyncrm_entitytarget" type="optionsetvalue" customfield="true" />
      <field displayname="Time zone" name="msdyncrm_customerjourneytimezone" type="number" customfield="true" />
      <field displayname="Time-zone rule version number" name="timezoneruleversionnumber" type="number" />
      <field displayname="Type" name="msdyncrm_type" type="optionsetvalue" customfield="true" />
      <field displayname="UTC conversion time-zone code" name="utcconversiontimezonecode" type="number" />
      <field displayname="Version Number" name="versionnumber" type="bigint" />
      <field displayname="Workflow definition" name="msdyncrm_workflowdefinition" type="string" customfield="true" />
    </fields>
    <relationships>
      <relationship name="msdyncrm_customerjourney_msdyncrm_marketingemail" manyToMany="true" relatedEntityName="msdyncrm_customerjourney_msdyncrm_marketingemail" m2mTargetEntity="msdyncrm_marketingemail" m2mTargetEntityPrimaryKey="msdyncrm_marketingemailid" />
      <relationship name="msdyncrm_customerjourney_msdyncrm_marketingpage" manyToMany="true" relatedEntityName="msdyncrm_customerjourney_msdyncrm_marketingpage" m2mTargetEntity="msdyncrm_marketingpage" m2mTargetEntityPrimaryKey="msdyncrm_marketingpageid" />
    </relationships>
  </entity>
  <entity name="msdyncrm_marketingemail" displayname="Marketing email" etc="10272" primaryidfield="msdyncrm_marketingemailid" primarynamefield="msdyncrm_name" disableplugins="false">
    <fields>
      <field displayname="Automatically generate plain text" name="msdyncrm_automaticallygeneratetextpart" type="bool" customfield="true" />
      <field displayname="Click map" name="msdyncrm_clickmap" type="string" customfield="true" />
      <field displayname="Content type" name="msdyncrm_email_contenttype" type="optionsetvalue" customfield="true" />
      <field displayname="Created by" name="createdby" type="entityreference" lookupType="systemuser" />
      <field displayname="Created by (delegate)" name="createdonbehalfby" type="entityreference" lookupType="systemuser" />
      <field displayname="Created on" name="createdon" type="datetime" />
      <field displayname="Description" name="msdyncrm_description" type="string" customfield="true" />
      <field displayname="Designer HTML" name="msdyncrm_designerhtml" type="string" customfield="true" />
      <field displayname="Email body" name="msdyncrm_emailbody" type="string" customfield="true" />
      <field displayname="Email from address" name="msdyncrm_fromemail" type="string" customfield="true" />
      <field displayname="Email from name" name="msdyncrm_fromname" type="string" customfield="true" />
      <field displayname="Form to save" name="msdyncrm_formtosave" type="bool" customfield="true" />
      <field displayname="From user" name="msdyncrm_fromuser" type="entityreference" lookupType="systemuser" customfield="true" />
      <field displayname="Import sequence number" name="importsequencenumber" type="number" />
      <field displayname="Insights" name="msdyncrm_insights_placeholder" type="string" customfield="true" />
      <field displayname="Is template gallery needed" name="msdyncrm_istemplategalleryneeded" type="bool" customfield="true" />
      <field displayname="Language" name="msdyncrm_email_contentlanguage" type="optionsetvalue" customfield="true" />
      <field displayname="Legal designation" name="msdyncrm_messagedesignation" type="optionsetvalue" customfield="true" />
      <field displayname="Marketing email" name="msdyncrm_marketingemailid" type="guid" primaryKey="true" />
      <field displayname="Modified by" name="modifiedby" type="entityreference" lookupType="systemuser" />
      <field displayname="Modified by (delegate)" name="modifiedonbehalfby" type="entityreference" lookupType="systemuser" />
      <field displayname="Modified on" name="modifiedon" type="datetime" />
      <field displayname="Name" name="msdyncrm_name" type="string" customfield="true" />
      <field displayname="Owner" name="ownerid" type="owner" />
      <field displayname="Owning business unit" name="owningbusinessunit" type="entityreference" lookupType="businessunit" />
      <field displayname="Owning team" name="owningteam" type="entityreference" lookupType="team" />
      <field displayname="Owning user" name="owninguser" type="entityreference" lookupType="systemuser" />
      <field displayname="Plain text" name="msdyncrm_textpart" type="string" customfield="true" />
      <field displayname="Preview Text" name="msdyncrm_previewtext" type="string" customfield="true" />
      <field displayname="Record created on" name="overriddencreatedon" type="datetime" />
      <field displayname="Reply-to email" name="msdyncrm_replytoemail" type="string" customfield="true" />
      <field displayname="Status" name="statecode" type="state" />
      <field displayname="Status reason" name="statuscode" type="status" />
      <field displayname="Subject" name="msdyncrm_subject" type="string" customfield="true" />
      <field displayname="Template" name="msdyncrm_templateid" type="entityreference" lookupType="msdyncrm_marketingemailtemplate" customfield="true" />
      <field displayname="Test Configuration" name="msdyncrm_testconfiguration" type="string" customfield="true" />
      <field displayname="Time-zone rule version number" name="timezoneruleversionnumber" type="number" />
      <field displayname="To" name="msdyncrm_to" type="string" customfield="true" />
      <field displayname="UIC entity ID" name="msdyncrm_uicentityid" type="string" customfield="true" />
      <field displayname="UTC conversion time-zone code" name="utcconversiontimezonecode" type="number" />
      <field displayname="Version Number" name="versionnumber" type="bigint" />
    </fields>
    <relationships />
  </entity>
  <entity name="msevtmgt_event" displayname="Event" etc="10210" primaryidfield="msevtmgt_eventid" primarynamefield="msevtmgt_name" disableplugins="false">
    <fields>
      <field displayname="Allow anonymous registrations" name="msevtmgt_allowanonymousregistrations" type="bool" customfield="true" />
      <field displayname="Allow custom agenda" name="msevtmgt_allowcustomagenda" type="bool" customfield="true" />
      <field displayname="Are flight reservations booked?" name="msevtmgt_bookedflightreservations" type="optionsetvalue" customfield="true" />
      <field displayname="Attendee engagement report" name="msevtmgt_attendeeengagementreport" type="bool" customfield="true" />
      <field displayname="Attendee URL" name="msevtmgt_attendeeurl" type="string" customfield="true" />
      <field displayname="Automatically register waitlisted contacts" name="msevtmgt_autoregisterwaitlistitems" type="bool" customfield="true" />
      <field displayname="Base recurrent event ID" name="msevtmgt_baserecurrenteventid" type="string" customfield="true" />
      <field displayname="Book rooms" name="msevtmgt_bookrooms" type="optionsetvalue" customfield="true" />
      <field displayname="Budget allocated" name="msevtmgt_budgetallocated" type="money" customfield="true" />
      <field displayname="Budget allocated (Base)" name="msevtmgt_budgetallocated_base" type="money" customfield="true" />
      <field displayname="Building" name="msevtmgt_building" type="entityreference" lookupType="msevtmgt_building" customfield="true" />
      <field displayname="Catering required?" name="msevtmgt_cateringrequired" type="optionsetvalue" customfield="true" />
      <field displayname="Check-in count" name="msevtmgt_checkincount" type="number" customfield="true" />
      <field displayname="Confirmed hotel choices?" name="msevtmgt_confirmedhotelchoices" type="optionsetvalue" customfield="true" />
      <field displayname="Contacts can choose to be registered automatically" name="msevtmgt_showautomaticregistrationcheckbox" type="bool" customfield="true" />
      <field displayname="Countdown in days" name="msevtmgt_countdownindays" type="number" customfield="true" />
      <field displayname="Create leads for event registrations" name="msevtmgt_createleadsforeventregistrations" type="bool" customfield="true" />
      <field displayname="Create marketing collateral" name="msevtmgt_createmarketingcollateral" type="optionsetvalue" customfield="true" />
      <field displayname="Created by" name="createdby" type="entityreference" lookupType="systemuser" />
      <field displayname="Created by (delegate)" name="createdonbehalfby" type="entityreference" lookupType="systemuser" />
      <field displayname="Created on" name="createdon" type="datetime" />
      <field displayname="Currency" name="transactioncurrencyid" type="entityreference" lookupType="transactioncurrency" />
      <field displayname="Custom event URL" name="msevtmgt_customeventurl" type="bool" customfield="true" />
      <field displayname="Define packages and pricing" name="msevtmgt_definepackagesandpricing" type="optionsetvalue" customfield="true" />
      <field displayname="Define sessions" name="msevtmgt_definesessions" type="optionsetvalue" customfield="true" />
      <field displayname="Define team" name="msevtmgt_defineteam" type="optionsetvalue" customfield="true" />
      <field displayname="Description" name="msevtmgt_description" type="string" customfield="true" />
      <field displayname="Descriptor sync status" name="msevtmgt_descriptorsyncstatus" type="optionsetvalue" customfield="true" />
      <field displayname="Develop marketing plan" name="msevtmgt_developmarketingplan" type="optionsetvalue" customfield="true" />
      <field displayname="Do you want to enable Q/A for this event" name="msevtmgt_qna" type="bool" customfield="true" />
      <field displayname="Early bird cut-off date" name="msevtmgt_earlybirdcutoffdate" type="datetime" customfield="true" />
      <field displayname="Enable CAPTCHA" name="msevtmgt_enablecaptcha" type="bool" customfield="true" />
      <field displayname="Enable multi-attendee registration" name="msevtmgt_enablemultiattendeeregistration" type="bool" customfield="true" />
      <field displayname="Entity image" name="entityimage" type="imagedata" />
      <field displayname="entityimageid" name="entityimageid" type="guid" customfield="true" />
      <field displayname="Event" name="msevtmgt_eventid" type="guid" primaryKey="true" />
      <field displayname="Event debriefing" name="msevtmgt_eventdebriefing" type="optionsetvalue" customfield="true" />
      <field displayname="Event end date" name="msevtmgt_eventenddate" type="datetime" customfield="true" />
      <field displayname="Event format" name="msevtmgt_eventformat" type="optionsetvalue" customfield="true" />
      <field displayname="Event image" name="msevtmgt_eventimage" type="entityreference" lookupType="msdyncrm_file" customfield="true" />
      <field displayname="Event is out of sync" name="msevtmgt_isoutofsync" type="bool" customfield="true" />
      <field displayname="Event name" name="msevtmgt_name" type="string" customfield="true" />
      <field displayname="Event start date" name="msevtmgt_eventstartdate" type="datetime" customfield="true" />
      <field displayname="Event time zone" name="msevtmgt_eventtimezone" type="number" customfield="true" />
      <field displayname="Event time zone name" name="msevtmgt_eventtimezonename" type="string" customfield="true" />
      <field displayname="Event type" name="msevtmgt_eventtype" type="optionsetvalue" customfield="true" />
      <field displayname="Event URL" name="msevtmgt_publiceventurl" type="string" customfield="true" />
      <field displayname="Event URL specified" name="msdyncrm_eventurlspecified" type="bool" customfield="true" />
      <field displayname="Event venue cost" name="msevtmgt_eventvenuecost" type="money" customfield="true" />
      <field displayname="Event venue cost (base)" name="msevtmgt_eventvenuecost_base" type="money" customfield="true" />
      <field displayname="Exchange rate" name="exchangerate" type="decimal" />
      <field displayname="Expected outcome" name="msevtmgt_expectedoutcome" type="string" customfield="true" />
      <field displayname="Follow up on leads" name="msevtmgt_followuponleads" type="optionsetvalue" customfield="true" />
      <field displayname="Form" name="msdyncrm_marketingformid" type="entityreference" lookupType="msdyncrm_marketingform" customfield="true" />
      <field displayname="Form hosting script" name="msevtmgt_formpagejavascriptcode" type="string" customfield="true" />
      <field displayname="Guest logistics?" name="msevtmgt_guestlogistics" type="optionsetvalue" customfield="true" />
      <field displayname="Identify speakers" name="msevtmgt_identifyspeakers" type="optionsetvalue" customfield="true" />
      <field displayname="Identify sponsors" name="msevtmgt_identifysponsors" type="optionsetvalue" customfield="true" />
      <field displayname="Import sequence number" name="importsequencenumber" type="number" />
      <field displayname="Invitation HTML" name="msevtmgt_teamsinvitationhtml" type="string" customfield="true" />
      <field displayname="Is a recurring event" name="msevtmgt_isrecurringevent" type="bool" customfield="true" />
      <field displayname="Is template" name="msevtmgt_istemplate" type="optionsetvalue" customfield="true" />
      <field displayname="Language" name="msevtmgt_language" type="optionsetvalue" customfield="true" />
      <field displayname="Layout" name="msevtmgt_layout" type="entityreference" lookupType="msevtmgt_layout" customfield="true" />
      <field displayname="Make payments due" name="msevtmgt_makepaymentsdue" type="optionsetvalue" customfield="true" />
      <field displayname="Manage registration count?" name="msevtmgt_manageregistrationcount" type="optionsetvalue" customfield="true" />
      <field displayname="Max. number of registrations" name="msevtmgt_maxnumberofregistrations" type="number" customfield="true" />
      <field displayname="Maximum event capacity" name="msevtmgt_maximumeventcapacity" type="number" customfield="true" />
      <field displayname="Miscellaneous costs" name="msevtmgt_miscellaneouscosts" type="money" customfield="true" />
      <field displayname="Miscellaneous costs (base)" name="msevtmgt_miscellaneouscosts_base" type="money" customfield="true" />
      <field displayname="Modified by" name="modifiedby" type="entityreference" lookupType="systemuser" />
      <field displayname="Modified by (delegate)" name="modifiedonbehalfby" type="entityreference" lookupType="systemuser" />
      <field displayname="Modified on" name="modifiedon" type="datetime" />
      <field displayname="Notify authorities of event" name="msevtmgt_notifyauthoritiesofevent" type="optionsetvalue" customfield="true" />
      <field displayname="Number of invitations per slot" name="msevtmgt_numberofinvitations" type="number" customfield="true" />
      <field displayname="Owner" name="ownerid" type="owner" />
      <field displayname="Owning business unit" name="owningbusinessunit" type="entityreference" lookupType="businessunit" />
      <field displayname="Owning team" name="owningteam" type="entityreference" lookupType="team" />
      <field displayname="Owning user" name="owninguser" type="entityreference" lookupType="systemuser" />
      <field displayname="Plan registration" name="msevtmgt_planregistration" type="optionsetvalue" customfield="true" />
      <field displayname="Presentation manager URL" name="msevtmgt_presentationmanagerurl" type="string" customfield="true" />
      <field displayname="Previous number of free slots" name="msevtmgt_previousnumberoffreeslots" type="number" customfield="true" />
      <field displayname="Primary goal" name="msevtmgt_primarygoal" type="optionsetvalue" customfield="true" />
      <field displayname="Primary venue" name="msevtmgt_primaryvenue" type="entityreference" lookupType="msevtmgt_venue" customfield="true" />
      <field displayname="Process ID" name="processid" type="guid" />
      <field displayname="Producer" name="msevtmgt_producer" type="entityreference" lookupType="msevtmgt_eventteammember" customfield="true" />
      <field displayname="Publish status" name="msevtmgt_publishstatus" type="optionsetvalue" customfield="true" />
      <field displayname="Readable event ID" name="msevtmgt_readableeventid" type="string" customfield="true" />
      <field displayname="Record created on" name="overriddencreatedon" type="datetime" />
      <field displayname="Recording available to attendees" name="msevtmgt_recordingforattendees" type="bool" customfield="true" />
      <field displayname="Recording available to producers and speakers" name="msevtmgt_recordingforproducersandspeakers" type="bool" customfield="true" />
      <field displayname="Recurrence pattern" name="msevtmgt_recurrencepattern" type="string" customfield="true" />
      <field displayname="Recurrent event status" name="msevtmgt_recurrenteventstatus" type="number" customfield="true" />
      <field displayname="Registration count" name="msevtmgt_registrationcount" type="number" customfield="true" />
      <field displayname="Registrations target" name="msevtmgt_registrationstarget" type="number" customfield="true" />
      <field displayname="Request sponsorship" name="msevtmgt_requestsponsorship" type="optionsetvalue" customfield="true" />
      <field displayname="Revenue from sponsorship" name="msevtmgt_revenuefromsponsorship" type="money" customfield="true" />
      <field displayname="Revenue from sponsorship (base)" name="msevtmgt_revenuefromsponsorship_base" type="money" customfield="true" />
      <field displayname="Room" name="msevtmgt_room" type="entityreference" lookupType="msevtmgt_room" customfield="true" />
      <field displayname="Schedule airport pickups?" name="msevtmgt_scheduleairportpickups" type="optionsetvalue" customfield="true" />
      <field displayname="Schedule sessions" name="msevtmgt_schedulesessions" type="optionsetvalue" customfield="true" />
      <field displayname="Select speakers" name="msevtmgt_selectspeakers" type="optionsetvalue" customfield="true" />
      <field displayname="Select vendors" name="msevtmgt_selectvendors" type="optionsetvalue" customfield="true" />
      <field displayname="Send event invitation" name="msevtmgt_sendeventinvitation" type="optionsetvalue" customfield="true" />
      <field displayname="Send marketing material" name="msevtmgt_sendmarketingmaterial" type="optionsetvalue" customfield="true" />
      <field displayname="Send pre-event reminders" name="msevtmgt_sendpreeventreminders" type="optionsetvalue" customfield="true" />
      <field displayname="Send thank you emails" name="msevtmgt_sendthankyouemails" type="optionsetvalue" customfield="true" />
      <field displayname="Session count" name="msdyncrm_sessionscount" type="number" customfield="true" />
      <field displayname="Session count (Last Updated On)" name="msdyncrm_sessionscount_date" type="datetime" customfield="true" />
      <field displayname="Session count (State)" name="msdyncrm_sessionscount_state" type="number" customfield="true" />
      <field displayname="Set registrations end date" name="msevtmgt_setregistrationsenddate" type="bool" customfield="true" />
      <field displayname="Show waitlist" name="msevtmgt_showwaitlist" type="bool" customfield="true" />
      <field displayname="Stage ID" name="stageid" type="guid" />
      <field displayname="Status" name="statecode" type="state" />
      <field displayname="Status reason" name="statuscode" type="status" />
      <field displayname="Stop website registrations on" name="msevtmgt_stopwebsiteregistrationson" type="datetime" customfield="true" />
      <field displayname="Streamed event" name="msevtmgt_streamingenabled" type="bool" customfield="true" />
      <field displayname="Streamed event owner" name="msevtmgt_streamowner" type="entityreference" lookupType="systemuser" customfield="true" />
      <field displayname="Streaming provider" name="msevtmgt_streamingprovider" type="optionsetvalue" customfield="true" />
      <field displayname="Target revenue" name="msevtmgt_targetrevenue" type="money" customfield="true" />
      <field displayname="Target revenue (Base)" name="msevtmgt_targetrevenue_base" type="money" customfield="true" />
      <field displayname="Team debriefing" name="msevtmgt_teamdebriefing" type="optionsetvalue" customfield="true" />
      <field displayname="Time zone rule version number" name="timezoneruleversionnumber" type="number" />
      <field displayname="Total cost of events activities" name="msevtmgt_totalcostofeventsactivities" type="money" customfield="true" />
      <field displayname="Total cost of events activities (base)" name="msevtmgt_totalcostofeventsactivities_base" type="money" customfield="true" />
      <field displayname="Total cost of external members" name="msevtmgt_totalcostofexternalmembers" type="money" customfield="true" />
      <field displayname="Total cost of external members (base)" name="msevtmgt_totalcostofexternalmembers_base" type="money" customfield="true" />
      <field displayname="Total registration fee (package cost)" name="msevtmgt_totalregistrationfee" type="money" customfield="true" />
      <field displayname="Total registration fee (package cost) (base)" name="msevtmgt_totalregistrationfee_base" type="money" customfield="true" />
      <field displayname="Total revenue from the event" name="msevtmgt_totalrevenuefromtheevent" type="money" customfield="true" />
      <field displayname="Total revenue from the event (base)" name="msevtmgt_totalrevenuefromtheevent_base" type="money" customfield="true" />
      <field displayname="Use new form templates" name="msdyncrm_usemarketingform" type="bool" customfield="true" />
      <field displayname="UTC conversion time zone code" name="utcconversiontimezonecode" type="number" />
      <field displayname="Version Number" name="versionnumber" type="bigint" />
      <field displayname="Waitlist starting point" name="msevtmgt_waitliststartingpoint" type="number" customfield="true" />
      <field displayname="Waitlist this event" name="msevtmgt_waitlistthisevent" type="optionsetvalue" customfield="true" />
      <field displayname="Webinar configuration" name="msevtmgt_webinarconfigurationid" type="entityreference" lookupType="msevtmgt_webinarconfiguration" customfield="true" />
      <field displayname="Webinar ID" name="msevtmgt_webinarid" type="string" customfield="true" />
      <field displayname="Webinar notification seen" name="msevtmgt_webinarnotificationseen" type="bool" customfield="true" />
      <field displayname="Webinar operation" name="msevtmgt_webinaroperation" type="string" customfield="true" />
      <field displayname="Webinar status" name="msevtmgt_webinarstatus" type="string" customfield="true" />
      <field displayname="Webinar status reason" name="msevtmgt_webinarstatusreason" type="string" customfield="true" />
      <field displayname="Webinar type" name="msevtmgt_webinartype" type="entityreference" lookupType="msevtmgt_webinartype" customfield="true" />
      <field displayname="Webinar URL" name="msevtmgt_webinarurl" type="string" customfield="true" />
      <field displayname="Website message" name="msevtmgt_websitemessage" type="string" customfield="true" />
    </fields>
    <relationships>
      <relationship name="msevtmgt_msevtmgt_event_msevtmgt_eventteammember" manyToMany="true" relatedEntityName="msevtmgt_msevtmgt_event_msevtmgt_eventteammember" m2mTargetEntity="msevtmgt_eventteammember" m2mTargetEntityPrimaryKey="msevtmgt_eventteammemberid" />
    </relationships>
  </entity>
  <entity name="msevtmgt_eventregistration" displayname="Event Registration" etc="10219" primaryidfield="msevtmgt_eventregistrationid" primarynamefield="msevtmgt_name" disableplugins="false">
    <fields>
      <field displayname="Area" name="msevtmgt_area" type="optionsetvalue" customfield="true" />
      <field displayname="Company size" name="msevtmgt_companysize" type="optionsetvalue" customfield="true" />
      <field displayname="Contact" name="msevtmgt_contactid" type="entityreference" lookupType="contact" customfield="true" />
      <field displayname="Correlation ID" name="msevtmgt_correlationid" type="string" customfield="true" />
      <field displayname="Created by" name="createdby" type="entityreference" lookupType="systemuser" />
      <field displayname="Created by (delegate)" name="createdonbehalfby" type="entityreference" lookupType="systemuser" />
      <field displayname="Created on" name="createdon" type="datetime" />
      <field displayname="createdFromApi" name="msevtmgt_createdfromapi" type="bool" customfield="true" />
      <field displayname="Event" name="msevtmgt_eventid" type="entityreference" lookupType="msevtmgt_event" customfield="true" />
      <field displayname="Event registration" name="msevtmgt_eventregistrationid" type="guid" primaryKey="true" />
      <field displayname="Import sequence number" name="importsequencenumber" type="number" />
      <field displayname="Industry" name="msevtmgt_industry" type="optionsetvalue" customfield="true" />
      <field displayname="Internal registration status" name="msevtmgt_internalregistrationstatus" type="optionsetvalue" customfield="true" />
      <field displayname="Is canceled" name="msevtmgt_iscanceled" type="bool" customfield="true" />
      <field displayname="Memo" name="msevtmgt_memo" type="string" customfield="true" />
      <field displayname="Modified by" name="modifiedby" type="entityreference" lookupType="systemuser" />
      <field displayname="Modified by (delegate)" name="modifiedonbehalfby" type="entityreference" lookupType="systemuser" />
      <field displayname="Modified on" name="modifiedon" type="datetime" />
      <field displayname="Owner" name="ownerid" type="owner" />
      <field displayname="Owning business unit" name="owningbusinessunit" type="entityreference" lookupType="businessunit" />
      <field displayname="Owning team" name="owningteam" type="entityreference" lookupType="team" />
      <field displayname="Owning user" name="owninguser" type="entityreference" lookupType="systemuser" />
      <field displayname="Primary role" name="msevtmgt_primaryrole" type="optionsetvalue" customfield="true" />
      <field displayname="Publishing state" name="msevtmgt_publishingstate" type="optionsetvalue" customfield="true" />
      <field displayname="QR code" name="msevtmgt_qrcode" type="string" customfield="true" />
      <field displayname="Record created on" name="overriddencreatedon" type="datetime" />
      <field displayname="Registered by" name="msevtmgt_registeredby" type="entityreference" lookupType="contact" customfield="true" />
      <field displayname="Registration ID" name="msevtmgt_name" type="string" customfield="true" />
      <field displayname="Registration notification seen" name="msevtmgt_registrationnotificationseen" type="bool" customfield="true" />
      <field displayname="Registration operation" name="msevtmgt_registrationoperation" type="string" customfield="true" />
      <field displayname="Registration status" name="msevtmgt_registrationstatus" type="string" customfield="true" />
      <field displayname="Status" name="statecode" type="state" />
      <field displayname="Status reason" name="statuscode" type="status" />
      <field displayname="Synced with provider" name="msevtmgt_syncedwithprovider" type="optionsetvalue" customfield="true" />
      <field displayname="Time zone rule version number" name="timezoneruleversionnumber" type="number" />
      <field displayname="Times checked-in" name="msevtmgt_timescheckedin" type="number" customfield="true" />
      <field displayname="UTC conversion time zone code" name="utcconversiontimezonecode" type="number" />
      <field displayname="Version Number" name="versionnumber" type="bigint" />
      <field displayname="Webinar registration ID" name="msevtmgt_webinarregistrationid" type="string" customfield="true" />
      <field displayname="Years in industry" name="msevtmgt_yearsinindustry" type="optionsetvalue" customfield="true" />
    </fields>
    <relationships>
      <relationship name="msevtmgt_eventregistration_msevtmgt_session" manyToMany="true" relatedEntityName="msevtmgt_eventregistration_msevtmgt_session" m2mTargetEntity="msevtmgt_session" m2mTargetEntityPrimaryKey="msevtmgt_sessionid" />
    </relationships>
  </entity>
  <entity name="lead" displayname="Lead" etc="4" primaryidfield="leadid" primarynamefield="fullname" disableplugins="false">
    <fields>
      <field displayname="(Deprecated) Stage Id" name="stageid" type="guid" />
      <field displayname="(Deprecated) Traversed Path" name="traversedpath" type="string" />
      <field displayname="Account" name="accountid" type="entityreference" lookupType="account" />
      <field displayname="Address 1" name="address1_composite" type="string" />
      <field displayname="Address 1: Address Type" name="address1_addresstypecode" type="optionsetvalue" />
      <field displayname="Address 1: County" name="address1_county" type="string" />
      <field displayname="Address 1: Fax" name="address1_fax" type="string" />
      <field displayname="Address 1: ID" name="address1_addressid" type="guid" primaryKey="true" />
      <field displayname="Address 1: Latitude" name="address1_latitude" type="float" />
      <field displayname="Address 1: Longitude" name="address1_longitude" type="float" />
      <field displayname="Address 1: Name" name="address1_name" type="string" />
      <field displayname="Address 1: Post Office Box" name="address1_postofficebox" type="string" />
      <field displayname="Address 1: Shipping Method" name="address1_shippingmethodcode" type="optionsetvalue" />
      <field displayname="Address 1: Telephone 1" name="address1_telephone1" type="string" />
      <field displayname="Address 1: Telephone 2" name="address1_telephone2" type="string" />
      <field displayname="Address 1: Telephone 3" name="address1_telephone3" type="string" />
      <field displayname="Address 1: UPS Zone" name="address1_upszone" type="string" />
      <field displayname="Address 1: UTC Offset" name="address1_utcoffset" type="number" />
      <field displayname="Address 2" name="address2_composite" type="string" />
      <field displayname="Address 2: Address Type" name="address2_addresstypecode" type="optionsetvalue" />
      <field displayname="Address 2: City" name="address2_city" type="string" />
      <field displayname="Address 2: Country/Region" name="address2_country" type="string" />
      <field displayname="Address 2: County" name="address2_county" type="string" />
      <field displayname="Address 2: Fax" name="address2_fax" type="string" />
      <field displayname="Address 2: ID" name="address2_addressid" type="guid" primaryKey="true" />
      <field displayname="Address 2: Latitude" name="address2_latitude" type="float" />
      <field displayname="Address 2: Longitude" name="address2_longitude" type="float" />
      <field displayname="Address 2: Name" name="address2_name" type="string" />
      <field displayname="Address 2: Post Office Box" name="address2_postofficebox" type="string" />
      <field displayname="Address 2: Shipping Method" name="address2_shippingmethodcode" type="optionsetvalue" />
      <field displayname="Address 2: State/Province" name="address2_stateorprovince" type="string" />
      <field displayname="Address 2: Street 1" name="address2_line1" type="string" />
      <field displayname="Address 2: Street 2" name="address2_line2" type="string" />
      <field displayname="Address 2: Street 3" name="address2_line3" type="string" />
      <field displayname="Address 2: Telephone 1" name="address2_telephone1" type="string" />
      <field displayname="Address 2: Telephone 2" name="address2_telephone2" type="string" />
      <field displayname="Address 2: Telephone 3" name="address2_telephone3" type="string" />
      <field displayname="Address 2: UPS Zone" name="address2_upszone" type="string" />
      <field displayname="Address 2: UTC Offset" name="address2_utcoffset" type="number" />
      <field displayname="Address 2: ZIP/Postal Code" name="address2_postalcode" type="string" />
      <field displayname="Annual Revenue" name="revenue" type="money" />
      <field displayname="Annual Revenue (Base)" name="revenue_base" type="money" />
      <field displayname="Budget" name="budgetstatus" type="optionsetvalue" />
      <field displayname="Budget Amount" name="budgetamount" type="money" />
      <field displayname="Budget Amount (Base)" name="budgetamount_base" type="money" />
      <field displayname="Business Phone" name="telephone1" type="string" />
      <field displayname="City" name="address1_city" type="string" />
      <field displayname="Code" name="msdyncrm_code" type="string" customfield="true" />
      <field displayname="Company Name" name="companyname" type="string" />
      <field displayname="Company size" name="msdyncrm_companysize" type="string" customfield="true" />
      <field displayname="Confirm Interest" name="confirminterest" type="bool" />
      <field displayname="Contact" name="contactid" type="entityreference" lookupType="contact" />
      <field displayname="Contact ID" name="msdyncrm_contactid" type="string" customfield="true" />
      <field displayname="Country/Region" name="address1_country" type="string" />
      <field displayname="Created By" name="createdby" type="entityreference" lookupType="systemuser" />
      <field displayname="Created By (Delegate)" name="createdonbehalfby" type="entityreference" lookupType="systemuser" />
      <field displayname="Created On" name="createdon" type="datetime" />
      <field displayname="Currency" name="transactioncurrencyid" type="entityreference" lookupType="transactioncurrency" />
      <field displayname="Customer" name="customerid" type="entityreference" lookupType="account|contact" />
      <field displayname="Decision Maker?" name="decisionmaker" type="bool" />
      <field displayname="Degree" name="msdyncrm_degree" type="string" customfield="true" />
      <field displayname="Description" name="description" type="string" />
      <field displayname="Do not allow Bulk Emails" name="donotbulkemail" type="bool" />
      <field displayname="Do not allow Emails" name="donotemail" type="bool" />
      <field displayname="Do not allow Faxes" name="donotfax" type="bool" />
      <field displayname="Do not allow Mails" name="donotpostalmail" type="bool" />
      <field displayname="Do not allow Phone Calls" name="donotphone" type="bool" />
      <field displayname="Email" name="emailaddress1" type="string" />
      <field displayname="Email Address 2" name="emailaddress2" type="string" />
      <field displayname="Email Address 3" name="emailaddress3" type="string" />
      <field displayname="Entity Image" name="entityimage" type="imagedata" />
      <field displayname="entityimageid" name="entityimageid" type="guid" />
      <field displayname="Est. Close Date" name="estimatedclosedate" type="datetime" />
      <field displayname="Est. Value" name="estimatedamount" type="money" />
      <field displayname="Est. Value (Base)" name="estimatedamount_base" type="money" />
      <field displayname="Est. Value (deprecated)" name="estimatedvalue" type="float" />
      <field displayname="Evaluate Fit" name="evaluatefit" type="bool" />
      <field displayname="Exchange Rate" name="exchangerate" type="decimal" />
      <field displayname="Fax" name="fax" type="string" />
      <field displayname="Field of study" name="msdyncrm_fieldofstudy" type="string" customfield="true" />
      <field displayname="First Name" name="firstname" type="string" />
      <field displayname="Follow Email Activity" name="followemail" type="bool" />
      <field displayname="GDPR Optout" name="msdyn_gdproptout" type="bool" customfield="true" />
      <field displayname="Graduation date" name="msdyncrm_graduationdate" type="string" customfield="true" />
      <field displayname="Home Phone" name="telephone2" type="string" />
      <field displayname="Import Sequence Number" name="importsequencenumber" type="number" />
      <field displayname="Industry" name="msdyncrm_industry" type="string" customfield="true" />
      <field displayname="Industry" name="industrycode" type="optionsetvalue" />
      <field displayname="Initial Communication" name="initialcommunication" type="optionsetvalue" />
      <field displayname="Insights" name="msdyncrm_insights_placeholder" type="string" customfield="true" />
      <field displayname="Job function" name="msdyncrm_jobfunction" type="string" customfield="true" />
      <field displayname="Job Title" name="jobtitle" type="string" />
      <field displayname="Last Campaign Date" name="lastusedincampaign" type="datetime" />
      <field displayname="Last Name" name="lastname" type="string" />
      <field displayname="Last On Hold Time" name="lastonholdtime" type="datetime" />
      <field displayname="Last SLA applied" name="slainvokedid" type="entityreference" lookupType="sla" />
      <field displayname="Latest form submission date" name="msdyncrm_latestsubmissiondate" type="datetime" customfield="true" />
      <field displayname="Lead" name="leadid" type="guid" primaryKey="true" />
      <field displayname="Lead ID" name="msdyncrm_leadid" type="string" customfield="true" />
      <field displayname="Lead source" name="leadsourcecode" type="optionsetvalue" />
      <field displayname="Lead source type" name="msdyncrm_leadsourcetype" type="optionsetvalue" customfield="true" />
      <field displayname="LinkedIn campaign" name="msdyncrm_linkedincampaign" type="entityreference" lookupType="msdyncrm_linkedincampaign" customfield="true" />
      <field displayname="LinkedIn form submissions" name="msdyncrm_linkedinsubmissioncount" type="number" customfield="true" />
      <field displayname="LinkedIn form submissions (Last Updated On)" name="msdyncrm_linkedinsubmissioncount_date" type="datetime" customfield="true" />
      <field displayname="LinkedIn form submissions (State)" name="msdyncrm_linkedinsubmissioncount_state" type="number" customfield="true" />
      <field displayname="Marketing Material" name="donotsendmm" type="bool" />
      <field displayname="Master ID" name="masterid" type="entityreference" lookupType="lead" />
      <field displayname="Merged" name="merged" type="bool" />
      <field displayname="Middle Name" name="middlename" type="string" />
      <field displayname="Mobile Phone" name="mobilephone" type="string" />
      <field displayname="Modified By" name="modifiedby" type="entityreference" lookupType="systemuser" />
      <field displayname="Modified By (Delegate)" name="modifiedonbehalfby" type="entityreference" lookupType="systemuser" />
      <field displayname="Modified On" name="modifiedon" type="datetime" />
      <field displayname="Name" name="fullname" type="string" />
      <field displayname="Need" name="need" type="optionsetvalue" />
      <field displayname="No. of Employees" name="numberofemployees" type="number" />
      <field displayname="On Hold Time (Minutes)" name="onholdtime" type="number" />
      <field displayname="Originating Case" name="originatingcaseid" type="entityreference" lookupType="incident" />
      <field displayname="Originating event" name="msevtmgt_originatingeventid" type="entityreference" lookupType="msevtmgt_event" customfield="true" />
      <field displayname="Other Phone" name="telephone3" type="string" />
      <field displayname="Owner" name="ownerid" type="owner" />
      <field displayname="Owning Business Unit" name="owningbusinessunit" type="entityreference" lookupType="businessunit" />
      <field displayname="Owning Team" name="owningteam" type="entityreference" lookupType="team" />
      <field displayname="Owning User" name="owninguser" type="entityreference" lookupType="systemuser" />
      <field displayname="Pager" name="pager" type="string" />
      <field displayname="Parent Account for lead" name="parentaccountid" type="entityreference" lookupType="account" />
      <field displayname="Parent Contact for lead" name="parentcontactid" type="entityreference" lookupType="contact" />
      <field displayname="Participates in Workflow" name="participatesinworkflow" type="bool" />
      <field displayname="Preferred Method of Contact" name="preferredcontactmethodcode" type="optionsetvalue" />
      <field displayname="Priority" name="prioritycode" type="optionsetvalue" />
      <field displayname="Process Id" name="processid" type="guid" />
      <field displayname="Profile ID" name="msdyncrm_profileid" type="string" customfield="true" />
      <field displayname="Purchase need" name="msdyncrm_purchaseneed" type="bool" customfield="true" />
      <field displayname="Purchase Process" name="purchaseprocess" type="optionsetvalue" />
      <field displayname="Purchase Timeframe" name="purchasetimeframe" type="optionsetvalue" />
      <field displayname="Qualification Comments" name="qualificationcomments" type="string" />
      <field displayname="Qualifying Opportunity" name="qualifyingopportunityid" type="entityreference" lookupType="opportunity" />
      <field displayname="Rating" name="leadqualitycode" type="optionsetvalue" />
      <field displayname="Record Created On" name="overriddencreatedon" type="datetime" />
      <field displayname="Recycle" name="msdyncrm_triggerrecycle" type="bool" customfield="true" />
      <field displayname="Recycled" name="msdyncrm_recycled" type="bool" customfield="true" />
      <field displayname="Related Campaign Response" name="relatedobjectid" type="entityreference" lookupType="campaignresponse" />
      <field displayname="Sales accepted" name="msdyncrm_salesaccepted" type="bool" customfield="true" />
      <field displayname="Sales ready" name="msdyncrm_salesready" type="bool" customfield="true" />
      <field displayname="Sales Stage" name="salesstage" type="optionsetvalue" />
      <field displayname="Sales Stage Code" name="salesstagecode" type="optionsetvalue" />
      <field displayname="Salutation" name="salutation" type="string" />
      <field displayname="SAS token" name="msdyncrm_sastoken" type="string" customfield="true" />
      <field displayname="Schedule Follow Up (Prospect)" name="schedulefollowup_prospect" type="datetime" />
      <field displayname="Schedule Follow Up (Qualify)" name="schedulefollowup_qualify" type="datetime" />
      <field displayname="School" name="msdyncrm_school" type="string" customfield="true" />
      <field displayname="Scores" name="msdyncrm_scores" type="number" customfield="true" />
      <field displayname="Scoring grade" name="msdyncrm_scoringgrade" type="string" customfield="true" />
      <field displayname="Seniority" name="msdyncrm_seniority" type="string" customfield="true" />
      <field displayname="SIC Code" name="sic" type="string" />
      <field displayname="SLA" name="slaid" type="entityreference" lookupType="sla" />
      <field displayname="Source Campaign" name="campaignid" type="entityreference" lookupType="campaign" />
      <field displayname="Source customer journey" name="msdyncrm_customerjourneyid" type="entityreference" lookupType="msdyncrm_customerjourney" customfield="true" />
      <field displayname="Source email" name="msdyncrm_emailid" type="entityreference" lookupType="msdyncrm_marketingemail" customfield="true" />
      <field displayname="Source form" name="msdyncrm_marketingformid" type="entityreference" lookupType="msdyncrm_marketingform" customfield="true" />
      <field displayname="Source landing page" name="msdyncrm_marketingpageid" type="entityreference" lookupType="msdyncrm_marketingpage" customfield="true" />
      <field displayname="Source LinkedIn form" name="msdyncrm_sourceform" type="entityreference" lookupType="msdyncrm_linkedinform" customfield="true" />
      <field displayname="Start date" name="msdyncrm_startdate" type="string" customfield="true" />
      <field displayname="State/Province" name="address1_stateorprovince" type="string" />
      <field displayname="Status" name="statecode" type="state" />
      <field displayname="Status Reason" name="statuscode" type="status" />
      <field displayname="Street 1" name="address1_line1" type="string" />
      <field displayname="Street 2" name="address1_line2" type="string" />
      <field displayname="Street 3" name="address1_line3" type="string" />
      <field displayname="Teleprospecting accepted" name="msdyncrm_teleprospectaccepted" type="bool" customfield="true" />
      <field displayname="Teleprospecting ready" name="msdyncrm_teleprospectready" type="bool" customfield="true" />
      <field displayname="Time Spent by me" name="timespentbymeonemailandmeetings" type="string" />
      <field displayname="Time Zone Rule Version Number" name="timezoneruleversionnumber" type="number" />
      <field displayname="Topic" name="subject" type="string" />
      <field displayname="UTC Conversion Time Zone Code" name="utcconversiontimezonecode" type="number" />
      <field displayname="Website" name="websiteurl" type="string" />
      <field displayname="Yomi Company Name" name="yomicompanyname" type="string" />
      <field displayname="Yomi First Name" name="yomifirstname" type="string" />
      <field displayname="Yomi Full Name" name="yomifullname" type="string" />
      <field displayname="Yomi Last Name" name="yomilastname" type="string" />
      <field displayname="Yomi Middle Name" name="yomimiddlename" type="string" />
      <field displayname="ZIP/Postal Code" name="address1_postalcode" type="string" />
    </fields>
    <relationships>
      <relationship name="leadproduct" manyToMany="true" relatedEntityName="leadproduct" m2mTargetEntity="product" m2mTargetEntityPrimaryKey="productid" />
      <relationship name="leadcompetitors" manyToMany="true" relatedEntityName="leadcompetitors" m2mTargetEntity="competitor" m2mTargetEntityPrimaryKey="competitorid" />
    </relationships>
  </entity>
  <entity name="msdyncrm_segment" displayname="Segment" etc="10289" primaryidfield="msdyncrm_segmentid" primarynamefield="msdyncrm_segmentname" disableplugins="false">
    <fields>
      <field displayname="Activation status" name="msdyncrm_segmentactivationstatus" type="optionsetvalue" customfield="true" />
      <field displayname="Created by" name="createdby" type="entityreference" lookupType="systemuser" />
      <field displayname="Created by (delegate)" name="createdonbehalfby" type="entityreference" lookupType="systemuser" />
      <field displayname="Created on" name="createdon" type="datetime" />
      <field displayname="Description" name="msdyncrm_description" type="string" customfield="true" />
      <field displayname="Evaluation Duration" name="msdyncrm_segmentevaluationdurationinminutes" type="number" customfield="true" />
      <field displayname="Evaluation State" name="msdyncrm_segmentevaluationstate" type="string" customfield="true" />
      <field displayname="Evaluation Type" name="msdyncrm_segmentevaluationtype" type="string" customfield="true" />
      <field displayname="External Segment URL" name="msdyncrm_externalsegmenturl" type="string" customfield="true" />
      <field displayname="External Source" name="msdyncrm_externalsource" type="optionsetvalue" customfield="true" />
      <field displayname="Filter query" name="msdyncrm_segmentfilterquery" type="string" customfield="true" />
      <field displayname="flag to check that the segment is live" name="msdyncrm_islive" type="bool" customfield="true" />
      <field displayname="Import sequence number" name="importsequencenumber" type="number" />
      <field displayname="Last Evaluation Time" name="msdyncrm_lastevaluationtime" type="datetime" customfield="true" />
      <field displayname="Last Updated Time" name="msdyncrm_lastupdatedtime" type="datetime" customfield="true" />
      <field displayname="Member IDs" name="msdyncrm_segmentmemberids" type="string" customfield="true" />
      <field displayname="Members" name="msdyncrm_segmentsize" type="number" customfield="true" />
      <field displayname="Modified by" name="modifiedby" type="entityreference" lookupType="systemuser" />
      <field displayname="Modified by (delegate)" name="modifiedonbehalfby" type="entityreference" lookupType="systemuser" />
      <field displayname="Modified on" name="modifiedon" type="datetime" />
      <field displayname="Name" name="msdyncrm_segmentnameview" type="string" customfield="true" />
      <field displayname="Name" name="msdyncrm_segmentqueryname" type="string" customfield="true" />
      <field displayname="Name" name="msdyncrm_segmentname" type="string" customfield="true" />
      <field displayname="Next Expected Evaluation Time" name="msdyncrm_nextevaluation" type="datetime" customfield="true" />
      <field displayname="Owner" name="ownerid" type="owner" />
      <field displayname="Owning business unit" name="owningbusinessunit" type="entityreference" lookupType="businessunit" />
      <field displayname="Owning team" name="owningteam" type="entityreference" lookupType="team" />
      <field displayname="Owning user" name="owninguser" type="entityreference" lookupType="systemuser" />
      <field displayname="Provisioning state" name="msdyncrm_segmentprovisioningstate" type="string" customfield="true" />
      <field displayname="Query definition" name="msdyncrm_segmentquery" type="string" customfield="true" />
      <field displayname="Query type" name="msdyncrm_querytype" type="optionsetvalue" customfield="true" />
      <field displayname="Record created on" name="overriddencreatedon" type="datetime" />
      <field displayname="Refresh Rate" name="msdyncrm_segmentrefreshrateintervalminutes" type="number" customfield="true" />
      <field displayname="Scope" name="msdyncrm_scope" type="optionsetvalue" customfield="true" />
      <field displayname="Segment" name="msdyncrm_segmentid" type="guid" primaryKey="true" />
      <field displayname="Segment Template" name="msdyncrm_segmenttemplate" type="entityreference" lookupType="msdyncrm_segmenttemplate" customfield="true" />
      <field displayname="Segment type" name="msdyncrm_segmenttype" type="optionsetvalue" customfield="true" />
      <field displayname="Status" name="statecode" type="state" />
      <field displayname="Status Reason" name="statuscode" type="status" />
      <field displayname="Target Profile Type" name="msdyncrm_segmenttargetprofiletypename" type="string" customfield="true" />
      <field displayname="Time Zone" name="msdyncrm_segmenttimezone" type="number" customfield="true" />
      <field displayname="Time-zone rule version number" name="timezoneruleversionnumber" type="number" />
      <field displayname="UTC conversion time-zone code" name="utcconversiontimezonecode" type="number" />
      <field displayname="Version Number" name="versionnumber" type="bigint" />
    </fields>
    <relationships />
  </entity>
</entities>